Evidence_ID,Paper_ID,Authors,Year,Title,Journal_or_Conference,DOI,Process,Workpiece_Material,Tool_or_Reamer,Process_Factor,Factor_Value_or_Range,Experimental_Context,Measured_Outcome,Source_Supported_Finding,Evidence_Type,Evidence_Directness,Primary_RC_Mapping,Secondary_RC_Mapping,Suggested_CA,CA_Source_Type,Supporting_Passage_or_Summary,Source_Page_or_Section_if_available,Critical_Limitation,Retrieval_Text,Source_URL,Verification_Status
E001,P001,"Bhattacharyya, O.; Jun, M.B.G.; Kapoor, S.G.; DeVor, R.E.",2006,The effects of process faults and misalignments on the cutting force system and hole quality in reaming,International Journal of Machine Tools and Manufacture,10.1016/j.ijmachtools.2005.11.002,Reaming,Not extracted from accessible abstract,Not extracted from accessible source,Runout; spindle tilt; tool/hole-axis misalignment,Context-specific; no universal threshold encoded,Strong direct evidence for runout/alignment as a reaming-quality factor. Does not by itself prove a universal numerical runout threshold.,See source-supported finding / original paper,Process faults and misalignments significantly affect reaming forces; the developed model links these faults with tool displacement and reamed-hole quality.,Experimental + mechanistic model,Direct reaming evidence,A7,,C6,Engineering Inference,Process faults and misalignments significantly affect reaming forces; the developed model links these faults with tool displacement and reamed-hole quality.,Not extracted in seed corpus,Strong direct evidence for runout/alignment as a reaming-quality factor. Does not by itself prove a universal numerical runout threshold.,Reaming | Runout; spindle tilt; tool/hole-axis misalignment | Process faults and misalignments significantly affect reaming forces; the developed model links these faults with tool displacement and reamed-hole quality. | Strong direct evidence for runout/alignment as a reaming-quality factor. Does not by itself prove a universal numerical runout threshold. | A7 |,https://www.sciencedirect.com/science/article/abs/pii/S0890695505002968,Web-verified bibliographic identity/DOI on 2026-08-31
E002,P002,"Bhattacharyya, O. et al.",2006,Mechanistic model for the reaming process with emphasis on process faults,International Journal of Machine Tools and Manufacture,10.1016/j.ijmachtools.2005.07.022,Reaming,Not extracted from accessible abstract,Not extracted from accessible source,Parallel offset runout; spindle tilt; axis misalignment; speed; feed; initial-hole geometry,Context-specific; no universal threshold encoded,"Useful for A7 and for showing that initial-hole condition matters. Speed/feed are model inputs, not universal fault thresholds.",See source-supported finding / original paper,"The model identifies significant effects of runout, spindle tilt and tool/hole-axis misalignment on radial forces, which are correlated with final hole quality; initial-hole geometry is also considered.",Mechanistic model + validation,Direct reaming evidence,A7,A3; A4; A6,C6,Engineering Inference,"The model identifies significant effects of runout, spindle tilt and tool/hole-axis misalignment on radial forces, which are correlated with final hole quality; initial-hole geometry is also considered.",Not extracted in seed corpus,"Useful for A7 and for showing that initial-hole condition matters. Speed/feed are model inputs, not universal fault thresholds.","Reaming | Parallel offset runout; spindle tilt; axis misalignment; speed; feed; initial-hole geometry | The model identifies significant effects of runout, spindle tilt and tool/hole-axis misalignment on radial forces, which are correlated with final hole quality; initial-hole geometry is also considered. | Useful for A7 and for showing that initial-hole condition matters. Speed/feed are model inputs, not universal fault thresholds. | A7 | A3; A4; A6",https://www.sciencedirect.com/science/article/abs/pii/S0890695505001835,Web-verified bibliographic identity/DOI on 2026-08-31
E003,P003,"Bezerra, A.A.; Machado, A.R.; Souza, A.M. Jr.; Ezugwu, E.O.",2001,Effects of machining parameters when reaming aluminium-silicon (SAE 322) alloy,Journal of Materials Processing Technology,10.1016/S0924-0136(01)00561-1,Reaming,Aluminium-silicon SAE 322 alloy,K10 cemented-carbide welded-blade reamer,Depth of cut/reaming allowance; cutting speed; feed; tool geometry,Context-specific; no universal threshold encoded,"Strong direct evidence that speed/feed/allowance influence hole quality, but optimum values are context-specific.",See source-supported finding / original paper,"The study varies depth of cut, cutting speed and feed and evaluates diameter, roundness, cylindricity and surface roughness, demonstrating that reaming quality depends on process parameters.",Experimental,Direct reaming evidence,A3,A4; A6,C2; C3; C5,Engineering Inference,"The study varies depth of cut, cutting speed and feed and evaluates diameter, roundness, cylindricity and surface roughness, demonstrating that reaming quality depends on process parameters.",Not extracted in seed corpus,"Strong direct evidence that speed/feed/allowance influence hole quality, but optimum values are context-specific.","Reaming | Depth of cut/reaming allowance; cutting speed; feed; tool geometry | The study varies depth of cut, cutting speed and feed and evaluates diameter, roundness, cylindricity and surface roughness, demonstrating that reaming quality depends on process parameters. | Strong direct evidence that speed/feed/allowance influence hole quality, but optimum values are context-specific. | A3 | A4; A6",https://www.researchgate.net/publication/232402199_Effects_of_machining_parameters_when_reaming_aluminium-silicon_SAE_322_alloy,Web-verified bibliographic identity/DOI on 2026-08-31
E004,P004,"De Chiffre, L.; Tosello, G.; Píška, M.; Müller, P.",2009,Investigation on capability of the reaming process using minimal quantity lubrication,CIRP Journal of Manufacturing Science and Technology,10.1016/j.cirpj.2009.08.004,Reaming,Austenitic stainless steel,HSS reamer,Lubrication; cutting speed; feed; depth of cut/stock removal; starting-hole quality,Context-specific; no universal threshold encoded,Core source for lubrication and starting-hole/stock-removal knowledge. Avoid turning its specific settings into universal thresholds.,See source-supported finding / original paper,"Reaming tests with different cutting data and lubrication conditions measured diameter, roundness, cylindricity, roughness, thrust and torque. Lower cutting speed/feed produced lower process scatter; the study also discusses stock removal and starting-hole quality.",Experimental process-capability study,Direct reaming evidence,A5,A3; A4; A6,C4; C2; C3; C5,Engineering Inference,"Reaming tests with different cutting data and lubrication conditions measured diameter, roundness, cylindricity, roughness, thrust and torque. Lower cutting speed/feed produced lower process scatter; the study also discusses stock removal and starting-hole quality.",Not extracted in seed corpus,Core source for lubrication and starting-hole/stock-removal knowledge. Avoid turning its specific settings into universal thresholds.,"Reaming | Lubrication; cutting speed; feed; depth of cut/stock removal; starting-hole quality | Reaming tests with different cutting data and lubrication conditions measured diameter, roundness, cylindricity, roughness, thrust and torque. Lower cutting speed/feed produced lower process scatter; the study also discusses stock removal and starting-hole quality. | Core source for lubrication and starting-hole/stock-removal knowledge. Avoid turning its specific settings into universal thresholds. | A5 | A3; A4; A6",https://www.sciencedirect.com/science/article/abs/pii/S1755581709000303,Web-verified bibliographic identity/DOI on 2026-08-31
E005,P005,"Melo, T.F.L.; Ribeiro Filho, S.L.M.; Arruda, E.M.; Brandão, L.C.",2019,"Analysis of the surface roughness, cutting efforts, and form errors in bore reaming of hardened steel using a statistical approach",Measurement,10.1016/j.measurement.2018.12.033,Reaming,AISI P20 hardened steel,Not extracted from accessible source,Cutting speed; feed rate; lubrication system; flute geometry,Context-specific; no universal threshold encoded,Excellent source for parameter-effect relationships in reaming. Does not justify one universal rpm/feed value.,See source-supported finding / original paper,Cutting speed was the most critical factor for hole-wall quality and thrust; feed was most important for torque. Lubrication condition affected torque and roundness.,Experimental statistical study,Direct reaming evidence,A3,A4; A5,C2; C3; C4,Engineering Inference,Cutting speed was the most critical factor for hole-wall quality and thrust; feed was most important for torque. Lubrication condition affected torque and roundness.,Not extracted in seed corpus,Excellent source for parameter-effect relationships in reaming. Does not justify one universal rpm/feed value.,Reaming | Cutting speed; feed rate; lubrication system; flute geometry | Cutting speed was the most critical factor for hole-wall quality and thrust; feed was most important for torque. Lubrication condition affected torque and roundness. | Excellent source for parameter-effect relationships in reaming. Does not justify one universal rpm/feed value. | A3 | A4; A5,https://www.sciencedirect.com/science/article/pii/S0263224118311795,Web-verified bibliographic identity/DOI on 2026-08-31
E006,P006,"Mathews, P.G.; Shunmugam, M.S.",1999,Condition monitoring in reaming through acoustic emission signals,Journal of Materials Processing Technology,10.1016/S0924-0136(98)00237-4,Reaming,EN4 steel,Not extracted from accessible source,Chip formation; chip clogging; cutting speed; feed; rubbing; vibration,Context-specific; no universal threshold encoded,One of the strongest direct sources for retaining chip clogging/evacuation as a possible root-cause category.,See source-supported finding / original paper,"Acoustic-emission behaviour is sensitive to speed and feed. The paper notes that margin rubbing, chip clogging and increased vibration can affect the process and the quality of the produced surface.",Experimental condition-monitoring study,Direct reaming evidence,A2,A3; A4,C8,Engineering Inference,"Acoustic-emission behaviour is sensitive to speed and feed. The paper notes that margin rubbing, chip clogging and increased vibration can affect the process and the quality of the produced surface.",Not extracted in seed corpus,One of the strongest direct sources for retaining chip clogging/evacuation as a possible root-cause category.,"Reaming | Chip formation; chip clogging; cutting speed; feed; rubbing; vibration | Acoustic-emission behaviour is sensitive to speed and feed. The paper notes that margin rubbing, chip clogging and increased vibration can affect the process and the quality of the produced surface. | One of the strongest direct sources for retaining chip clogging/evacuation as a possible root-cause category. | A2 | A3; A4",https://www.sciencedirect.com/science/article/pii/S0924013698002374,Web-verified bibliographic identity/DOI on 2026-08-31
E007,P007,"Axinte, D.A.; Andrews, P.",2007,Some considerations on tool wear and workpiece surface quality of holes finished by reaming or milling in a nickel base superalloy,"Proceedings of the Institution of Mechanical Engineers, Part B: Journal of Engineering Manufacture",10.1243/09544054JEM704,Reaming / hole finishing,RR1000 nickel-base superalloy,Not extracted from accessible source,Tool wear; cutting-edge preparation; hole accuracy; surface roughness; surface integrity,Context-specific; no universal threshold encoded,Strong support that tool condition matters to finished-hole quality; replacement/regrinding should be presented as engineering action unless explicitly stated for the condition.,See source-supported finding / original paper,Tool life and surface/hole quality were evaluated for hole-finishing operations. The finishing-tool/cutting-edge preparation was important for meeting multiple quality requirements.,Experimental hole-finishing study,Direct reaming evidence,A1,,C1,Engineering Inference,Tool life and surface/hole quality were evaluated for hole-finishing operations. The finishing-tool/cutting-edge preparation was important for meeting multiple quality requirements.,Not extracted in seed corpus,Strong support that tool condition matters to finished-hole quality; replacement/regrinding should be presented as engineering action unless explicitly stated for the condition.,Reaming / hole finishing | Tool wear; cutting-edge preparation; hole accuracy; surface roughness; surface integrity | Tool life and surface/hole quality were evaluated for hole-finishing operations. The finishing-tool/cutting-edge preparation was important for meeting multiple quality requirements. | Strong support that tool condition matters to finished-hole quality; replacement/regrinding should be presented as engineering action unless explicitly stated for the condition. | A1 |,https://journals.sagepub.com/doi/10.1243/09544054JEM704,Web-verified bibliographic identity/DOI on 2026-08-31
E008,P008,"Lugscheider, E.; Knotek, O.; Barimani, C.; Leyendecker, T.; Lemmer, O.; Wenke, R.",1999,PVD hard coated reamers in lubricant-free cutting,Surface and Coatings Technology,10.1016/S0257-8972(98)00775-0,Reaming,GG25 grey cast iron; AlSi12 aluminium alloy,PVD-coated reamers,Lubricant-free cutting; thermal load; abrasive load; tool wear,Context-specific; no universal threshold encoded,"Direct support for coolant/lubrication effects, but dry reaming can still be viable in specific material/coating contexts; do not encode 'no coolant = always wrong'.",See source-supported finding / original paper,Cutting without cooling lubricant sharply increases thermal and abrasive tool loading; the paper evaluates tool-life behaviour under lubricant-free/minimal-lubrication reaming conditions.,Experimental tool/coating study,Direct reaming evidence,A5,A1,C4; C1,Engineering Inference,Cutting without cooling lubricant sharply increases thermal and abrasive tool loading; the paper evaluates tool-life behaviour under lubricant-free/minimal-lubrication reaming conditions.,Not extracted in seed corpus,"Direct support for coolant/lubrication effects, but dry reaming can still be viable in specific material/coating contexts; do not encode 'no coolant = always wrong'.","Reaming | Lubricant-free cutting; thermal load; abrasive load; tool wear | Cutting without cooling lubricant sharply increases thermal and abrasive tool loading; the paper evaluates tool-life behaviour under lubricant-free/minimal-lubrication reaming conditions. | Direct support for coolant/lubrication effects, but dry reaming can still be viable in specific material/coating contexts; do not encode 'no coolant = always wrong'. | A5 | A1",https://www.sciencedirect.com/science/article/abs/pii/S0257897298007750,Web-verified bibliographic identity/DOI on 2026-08-31
E009,P009,"Zhang, Y.; Wang, Y.; Han, Z.",2022,Study on Characteristics for Reaming Titanium Alloy Ti6Al4V with Two Kinds of Cemented-Carbide Groove Reamers,Materials,10.3390/ma15145027,Reaming,Ti6Al4V titanium alloy,Cemented-carbide straight/right-hand groove reamers,Tool wear; chip evacuation; feed; cutting speed; groove geometry,Context-specific; no universal threshold encoded,Very valuable because it directly links poor chip evacuation to surface scratching/quality loss.,See source-supported finding / original paper,"Tool wear and chip adhesion were linked with surface damage. Spiral/right-hand groove geometry improved chip discharge; straight grooves were more prone to chip blockage, scratching and vibration. Surface quality also changed with feed and speed.",Experimental,Direct reaming evidence,A2,A1; A3; A4,C8; C1; C2; C3,Engineering Inference,"Tool wear and chip adhesion were linked with surface damage. Spiral/right-hand groove geometry improved chip discharge; straight grooves were more prone to chip blockage, scratching and vibration. Surface quality also changed with feed and speed.",Not extracted in seed corpus,Very valuable because it directly links poor chip evacuation to surface scratching/quality loss.,"Reaming | Tool wear; chip evacuation; feed; cutting speed; groove geometry | Tool wear and chip adhesion were linked with surface damage. Spiral/right-hand groove geometry improved chip discharge; straight grooves were more prone to chip blockage, scratching and vibration. Surface quality also changed with feed and speed. | Very valuable because it directly links poor chip evacuation to surface scratching/quality loss. | A2 | A1; A3; A4",https://www.mdpi.com/1996-1944/15/14/5027,Web-verified bibliographic identity/DOI on 2026-08-31
E010,P010,"Ye, Z.; Wang, Y.-G.; Yu, X.",2022,Study on the reaming process of aluminum alloy 7050-T7451 under different cooling conditions,Advances in Manufacturing,10.1007/s40436-021-00364-z,Reaming,7050-T7451 aluminium alloy,PCD reamer,Cooling strategy; chip morphology; chip breaking; cutting parameters; hole quality,Context-specific; no universal threshold encoded,Strong evidence that chip control and coolant strategy are coupled; useful for evidence-grounded explanations.,See source-supported finding / original paper,Cooling strategy and cutting parameters strongly affected chip morphology and hole quality. Internal cooling enabled effective chip breaking and satisfactory geometry/surface quality under the investigated condition.,Experimental + FEM,Direct reaming evidence,A2,A5; A3; A4,C8; C4; C2; C3,Engineering Inference,Cooling strategy and cutting parameters strongly affected chip morphology and hole quality. Internal cooling enabled effective chip breaking and satisfactory geometry/surface quality under the investigated condition.,Not extracted in seed corpus,Strong evidence that chip control and coolant strategy are coupled; useful for evidence-grounded explanations.,Reaming | Cooling strategy; chip morphology; chip breaking; cutting parameters; hole quality | Cooling strategy and cutting parameters strongly affected chip morphology and hole quality. Internal cooling enabled effective chip breaking and satisfactory geometry/surface quality under the investigated condition. | Strong evidence that chip control and coolant strategy are coupled; useful for evidence-grounded explanations. | A2 | A5; A3; A4,https://journal.hep.com.cn/aim/EN/10.1007/s40436-021-00364-z,Web-verified bibliographic identity/DOI on 2026-08-31
E011,P011,"Leveille, T. et al.",2022,Influence of the reaming process on hole’s surface integrity and geometry in a martensitic stainless steel 15-5PH,Procedia CIRP,10.1016/j.procir.2022.03.062,Reaming,15-5PH martensitic stainless steel,Not extracted from accessible source,Tool-holder flexibility; back taper; cutting forces; hole geometry; residual stress,Context-specific; no universal threshold encoded,"Supports tool-system flexibility/rigidity, not specifically a universal '60 mm overhang' threshold. Consider broadening A8 wording in the new literature-grounded taxonomy.",See source-supported finding / original paper,The study shows sensitivity of residual-stress profiles and hole geometry to tool-holder flexibility and back taper.,Experimental,Direct reaming evidence,A8-contextual,,C7-contextual,Engineering Inference,The study shows sensitivity of residual-stress profiles and hole geometry to tool-holder flexibility and back taper.,Not extracted in seed corpus,"Supports tool-system flexibility/rigidity, not specifically a universal '60 mm overhang' threshold. Consider broadening A8 wording in the new literature-grounded taxonomy.","Reaming | Tool-holder flexibility; back taper; cutting forces; hole geometry; residual stress | The study shows sensitivity of residual-stress profiles and hole geometry to tool-holder flexibility and back taper. | Supports tool-system flexibility/rigidity, not specifically a universal '60 mm overhang' threshold. Consider broadening A8 wording in the new literature-grounded taxonomy. | A8-contextual |",https://www.sciencedirect.com/science/article/pii/S2212827122005595,Web-verified bibliographic identity/DOI on 2026-08-31
E012,P012,"Bayly, P.V.; Young, K.A.; Calvert, S.G.; Halley, J.E.",2001,Analysis of tool oscillation and hole roundness error in a quasi-static model of reaming,Journal of Manufacturing Science and Engineering,10.1115/1.1383551,Reaming,Not extracted from accessible abstract,Not extracted from accessible source,Tool oscillation; regenerative effects; roundness/lobing,Context-specific; no universal threshold encoded,Important finding: chatter/oscillation is a real reaming-quality mechanism but does not fit cleanly into current A1-A8 unless A8 is broadened.,See source-supported finding / original paper,A quasi-static model explains tool oscillation during reaming and resulting roundness errors/lobed holes.,Quasi-static analytical/model study,Direct reaming evidence,Taxonomy gap: chatter/vibration,,,Not Available,A quasi-static model explains tool oscillation during reaming and resulting roundness errors/lobed holes.,Not extracted in seed corpus,Important finding: chatter/oscillation is a real reaming-quality mechanism but does not fit cleanly into current A1-A8 unless A8 is broadened.,Reaming | Tool oscillation; regenerative effects; roundness/lobing | A quasi-static model explains tool oscillation during reaming and resulting roundness errors/lobed holes. | Important finding: chatter/oscillation is a real reaming-quality mechanism but does not fit cleanly into current A1-A8 unless A8 is broadened. | Taxonomy gap: chatter/vibration |,https://profiles.wustl.edu/en/publications/analysis-of-tool-oscillation-and-hole-roundness-error-in-a-quasi-/,Web-verified bibliographic identity/DOI on 2026-08-31
E013,P013,"Towfighian, S.; Behdinan, K.; Papini, M.; Saghir, Z.",2007,Finite element modeling of low speed reaming vibrations with reamer geometry modifications,Journal of Intelligent Manufacturing,10.1007/s10845-007-0038-4,Reaming,Not extracted from accessible abstract,Not extracted from accessible source,Low-speed vibration; lobed holes; tool geometry; bending stiffness,Context-specific; no universal threshold encoded,Supports a separate vibration/stability factor rather than forcing all dynamic problems into 'overhang too long'.,See source-supported finding / original paper,The study models low-speed reaming vibration and lobed/multi-cornered hole formation while considering reamer bending behaviour and geometry.,Finite-element vibration model,Direct reaming evidence,Taxonomy gap: chatter/vibration,,,Not Available,The study models low-speed reaming vibration and lobed/multi-cornered hole formation while considering reamer bending behaviour and geometry.,Not extracted in seed corpus,Supports a separate vibration/stability factor rather than forcing all dynamic problems into 'overhang too long'.,Reaming | Low-speed vibration; lobed holes; tool geometry; bending stiffness | The study models low-speed reaming vibration and lobed/multi-cornered hole formation while considering reamer bending behaviour and geometry. | Supports a separate vibration/stability factor rather than forcing all dynamic problems into 'overhang too long'. | Taxonomy gap: chatter/vibration | ,https://experts.mcmaster.ca/scholarly-works/766812,Web-verified bibliographic identity/DOI on 2026-08-31
E014,P014,"Epureanu, B.I.",2003,An investigation of stability and pattern formation in reaming,"Proceedings of the Institution of Mechanical Engineers, Part B: Journal of Engineering Manufacture",10.1243/095440503321148894,Reaming,Not extracted from accessible abstract,Not extracted from accessible source,Chatter; stability; pattern formation; surface waviness,Context-specific; no universal threshold encoded,Reinforces the need either to add a chatter/vibration RC or broaden A8 to tool-system instability.,See source-supported finding / original paper,Chatter is identified as an important factor affecting reamed-surface quality; unstable patterns lead to a wavy workpiece profile.,Stability analysis/model,Direct reaming evidence,Taxonomy gap: chatter/vibration,,,Not Available,Chatter is identified as an important factor affecting reamed-surface quality; unstable patterns lead to a wavy workpiece profile.,Not extracted in seed corpus,Reinforces the need either to add a chatter/vibration RC or broaden A8 to tool-system instability.,Reaming | Chatter; stability; pattern formation; surface waviness | Chatter is identified as an important factor affecting reamed-surface quality; unstable patterns lead to a wavy workpiece profile. | Reinforces the need either to add a chatter/vibration RC or broaden A8 to tool-system instability. | Taxonomy gap: chatter/vibration |,https://journals.sagepub.com/doi/10.1243/095440503321148894,Web-verified bibliographic identity/DOI on 2026-08-31
E015,P015,"Pilný, L.; Müller, P.; De Chiffre, L.",2014,Reproducibility of a reaming test,International Journal of Manufacturing Research,10.1504/IJMR.2014.062441,Reaming,Austenitic stainless steel,HSS reamer,Cutting-fluid type/concentration; surface finish; hole diameter; roundness,Context-specific; no universal threshold encoded,Useful supporting evidence for lubrication as an engineering variable.,See source-supported finding / original paper,"Different lubricants were compared using reamed-hole surface finish, diameter and roundness, demonstrating a reproducible reaming test for cutting-fluid performance.",Experimental reproducibility study,Direct reaming evidence,A5,,C4,Engineering Inference,"Different lubricants were compared using reamed-hole surface finish, diameter and roundness, demonstrating a reproducible reaming test for cutting-fluid performance.",Not extracted in seed corpus,Useful supporting evidence for lubrication as an engineering variable.,"Reaming | Cutting-fluid type/concentration; surface finish; hole diameter; roundness | Different lubricants were compared using reamed-hole surface finish, diameter and roundness, demonstrating a reproducible reaming test for cutting-fluid performance. | Useful supporting evidence for lubrication as an engineering variable. | A5 |",https://orbit.dtu.dk/en/publications/reproducibility-of-a-reaming-test-2/,Web-verified bibliographic identity/DOI on 2026-08-31
E016,P016,"Wang, Y.; Cui, X.; Xu, H.; Jiang, K.",2013,Cutting force analysis in reaming of ZL102 aluminium cast alloys by PCD reamer,The International Journal of Advanced Manufacturing Technology,10.1007/s00170-012-4585-2,Reaming,ZL102 aluminium cast alloy,Four-flute PCD reamer,Cutting speed; feed; cutting force; cylindricity,Context-specific; no universal threshold encoded,"Direct evidence that speed/feed affect process response; again, optimum values are system-specific.",See source-supported finding / original paper,High feed combined with low cutting speed produced higher thrust; machining parameters were optimised relative to forces and cylindricity.,Experimental cutting-force study,Direct reaming evidence,A3,A4,C2; C3,Engineering Inference,High feed combined with low cutting speed produced higher thrust; machining parameters were optimised relative to forces and cylindricity.,Not extracted in seed corpus,"Direct evidence that speed/feed affect process response; again, optimum values are system-specific.","Reaming | Cutting speed; feed; cutting force; cylindricity | High feed combined with low cutting speed produced higher thrust; machining parameters were optimised relative to forces and cylindricity. | Direct evidence that speed/feed affect process response; again, optimum values are system-specific. | A3 | A4",https://www.researchgate.net/publication/257337218_Cutting_force_analysis_in_reaming_of_ZL102_aluminium_cast_alloys_by_PCD_reamer,Web-verified bibliographic identity/DOI on 2026-08-31
E017,P017,"Rodrigues, M.A.; Moreira, L.T.S.",2009,Tool wear and surface roughness evaluation of the reaming process for the 15-5 precipitation hardening stainless steel,20th International Congress of Mechanical Engineering (COBEM 2009),,Reaming,15-5PH stainless steel,Not extracted from accessible source,Tool wear; chip formation; chip extraction; feed; surface roughness,Context-specific; no universal threshold encoded,Useful direct conference evidence for tool wear and chip extraction. Retain as secondary corpus if journal-only filtering is preferred.,See source-supported finding / original paper,"Feed was important for reasonable chip formation; tool wear was related to roughness, and failure was associated with chips not being correctly extracted from the hole.",Conference experimental study,Direct reaming evidence,A1,A2; A4,C1; C8; C3,Engineering Inference,"Feed was important for reasonable chip formation; tool wear was related to roughness, and failure was associated with chips not being correctly extracted from the hole.",Not extracted in seed corpus,Useful direct conference evidence for tool wear and chip extraction. Retain as secondary corpus if journal-only filtering is preferred.,"Reaming | Tool wear; chip formation; chip extraction; feed; surface roughness | Feed was important for reasonable chip formation; tool wear was related to roughness, and failure was associated with chips not being correctly extracted from the hole. | Useful direct conference evidence for tool wear and chip extraction. Retain as secondary corpus if journal-only filtering is preferred. | A1 | A2; A4",https://www.abcm.org.br/anais/cobem/2009/pdf/COB09-1753.pdf,Publisher-hosted COBEM 2009 paper located/verified 2026-08-31; no DOI identified
E018,P018,"Matsuzaki, K.; Ryu, T.; Sueoka, A.; Tsukamoto, K.; Magatayama, K.",2017,Study for polygonal deformation phenomenon of borehole in reaming process,Transactions of the JSME,10.1299/transjsme.17-00155,Reaming,Not extracted from accessible abstract,Not extracted from accessible source,Chatter vibration; polygonal deformation; irregular tooth spacing,Context-specific; no universal threshold encoded,Another reason to avoid equating every stability problem with tool overhang.,See source-supported finding / original paper,Chatter during reaming can produce polygonal bore deformation; irregular tooth spacing is investigated as a countermeasure.,Analytical/numerical stability study,Direct reaming evidence,Taxonomy gap: chatter/vibration,,,Directly Reported,Chatter during reaming can produce polygonal bore deformation; irregular tooth spacing is investigated as a countermeasure.,Not extracted in seed corpus,Another reason to avoid equating every stability problem with tool overhang.,Reaming | Chatter vibration; polygonal deformation; irregular tooth spacing | Chatter during reaming can produce polygonal bore deformation; irregular tooth spacing is investigated as a countermeasure. | Another reason to avoid equating every stability problem with tool overhang. | Taxonomy gap: chatter/vibration | ,https://www.jstage.jst.go.jp/article/transjsme/83/852/83_17-00155/_article/-char/en,Web-verified bibliographic identity/DOI on 2026-08-31
E019,P019,"Lanc, K.; Fiala, Z.",2024,Chatter mitigation in reaming: exploring effective tool holder design,MM Science Journal,10.17973/MMSJ.2024_06_2024017,Reaming,Not extracted from accessible abstract,Exchangeable reaming head / holder designs,Clamping/tool-holder design; dynamic properties; chatter; process stability,Context-specific; no universal threshold encoded,"Direct recent support for tool-system rigidity/stability, but not for a fixed overhang threshold.",See source-supported finding / original paper,Tool-holder/clamping construction influences dynamic properties and machining stability in reaming; the study evaluates holder designs for chatter mitigation.,Experimental dynamic/tool-holder study,Direct reaming evidence,A8-contextual,Taxonomy gap: chatter/vibration,C7-contextual,Engineering Inference,Tool-holder/clamping construction influences dynamic properties and machining stability in reaming; the study evaluates holder designs for chatter mitigation.,Not extracted in seed corpus,"Direct recent support for tool-system rigidity/stability, but not for a fixed overhang threshold.","Reaming | Clamping/tool-holder design; dynamic properties; chatter; process stability | Tool-holder/clamping construction influences dynamic properties and machining stability in reaming; the study evaluates holder designs for chatter mitigation. | Direct recent support for tool-system rigidity/stability, but not for a fixed overhang threshold. | A8-contextual | Taxonomy gap: chatter/vibration",https://www.mmscience.eu/journal/issues/june-2024/articles/chatter-mitigation-in-reaming-exploring-effective-tool-holder-design,Web-verified bibliographic identity/DOI on 2026-08-31
E020,P020,P.G. Mathews; M.S. Shunmugam,1999,Neural-network approach for predicting hole quality in reaming,"International Journal of Machine Tools and Manufacture 39(5), 723–730",10.1016/S0890-6955(98)00061-3,Reaming,EN4 steel,20 mm HSS reamer,Feed; cutting speed; force/vibration/acoustic-emission signals,Study-specific; no universal threshold encoded,Condition-monitoring experiment with ANN sensor fusion.,Roughness; roundness error; residual stress,"Direct reaming work demonstrates that process/sensor inputs contain information relevant to roughness, roundness and residual-stress outcomes; cutting-condition effects must remain context-specific.",Direct experimental/mechanistic reaming study,Direct reaming evidence,A4,A3; A2,C3,Engineering Inference,"Direct reaming work demonstrates that process/sensor inputs contain information relevant to roughness, roundness and residual-stress outcomes; cutting-condition effects must remain context-specific.",Publisher abstract/full text where available,Does not establish a universal feed/speed limit.,reaming EN4 steel feed cutting speed acoustic emission force vibration roughness roundness residual stress hole quality,https://doi.org/10.1016/S0890-6955(98)00061-3,Bibliographic identity/DOI/source verified 2026-08-31
E021,P021,Thomas Hauer; Michael Haydn; Eberhard Abele,2012,Influence of a diagonal pre-drilled hole on hole quality during the reaming process using multiblade tools,"Journal of the Brazilian Society of Mechanical Sciences and Engineering 34(spe2), 569–573",10.1590/S1678-58782012000600005,Reaming,42CrMo4V heat-treated steel,Multi-blade reamer,Pre-drilled-hole radial deviation; process-chain error; stiffness,Study-specific; no universal threshold encoded,Pre-holes with different radial deviations were produced then reamed.,Radial deviation; roundness; final hole quality,"Radial deviation of the pre-drilled hole is an important input to the subsequent reaming process, demonstrating drilling–reaming process-chain coupling.",Direct experimental/mechanistic reaming study,Direct reaming evidence,A6,A7,C5,Engineering Inference,"Radial deviation of the pre-drilled hole is an important input to the subsequent reaming process, demonstrating drilling–reaming process-chain coupling.",Publisher abstract/full text where available,"Supports inherited pre-hole geometry effects, not a universal pilot-hole-diameter threshold.",reaming predrilled hole radial deviation pilot starting hole process chain drilling reaming geometry roundness stiffness,https://doi.org/10.1590/S1678-58782012000600005,Bibliographic identity/DOI/source verified 2026-08-31
E022,P022,Klaus Schützer; M. Roth; Eberhard Abele; T. Hauer,2014,Experimental investigation of hole quality during reaming applications using multi-blade tools,"Journal of the Brazilian Society of Mechanical Sciences and Engineering 36, 797–806",10.1007/s40430-014-0127-1,Reaming,Sintered-steel valve-guide application,Multi-blade reamers,Tool/predrilled-hole misalignment; tool geometry; guiding behaviour,Study-specific; no universal threshold encoded,,Hole-quality / machining response reported by source,Misalignment between the tool and predrilled-hole axes and reamer guiding geometry affect the resulting hole quality.,Direct experimental/mechanistic reaming study,Direct reaming evidence,A7,A8; A6,C6,Engineering Inference,Misalignment between the tool and predrilled-hole axes and reamer guiding geometry affect the resulting hole quality.,Publisher abstract/full text where available,Application/tool geometry specific; not a general numerical runout threshold.,reaming multiblade misalignment tool axis predrilled hole process error guiding geometry hole quality valve guide,https://doi.org/10.1007/s40430-014-0127-1,Bibliographic identity/DOI/source verified 2026-08-31
E023,P023,Jaroslava Fulemova; Jan Kutlwaser; Miroslav Gombar; Jan Rehor,2017,Influence of Selected Technological Factors on the Hole Quality During Reaming,"Proceedings of the 28th DAAAM International Symposium, 334–340",10.2507/28th.daaam.proceedings.046,Reaming,42CrMo4 steel,Six-blade cermet reamer,Cutting speed; feed rate; reverse feed; tool-tip eccentricity,Cutting speed 150–210 m/min; feed 0.60–0.84 mm/rev; reverse feed 15–45 mm/min; eccentricity 2–14 μm,Statistical experiment on technological factors.,Cylindricity; Ra; hole diameter,"Feed, cutting speed and eccentricity/interaction effects influence reamed-hole quality, with factor importance depending on the response and tested context.",Direct experimental/mechanistic reaming study,Direct reaming evidence,A4,A3; A7,C3,Engineering Inference,"Feed, cutting speed and eccentricity/interaction effects influence reamed-hole quality, with factor importance depending on the response and tested context.",Publisher abstract/full text where available,Ranges are specific to 42CrMo4 and the selected reamer.,reaming 42CrMo4 cermet feed speed reverse feed eccentricity cylindricity roughness diameter,https://doi.org/10.2507/28th.daaam.proceedings.046,Bibliographic identity/DOI/source verified 2026-08-31
E024,P024,C. Ye; X.R. Shi; L. Chen; Yong Guo Wang,2020,Optimization of Reaming Process Parameters for Alloy Grey Cast Iron HT250 Using Grey Relational Analysis,"Key Engineering Materials 866, 32–41",10.4028/www.scientific.net/KEM.866.32,Reaming,HT250 alloy grey cast iron,TiAlN-coated carbide reamer among compared tools,Cutting speed; feed rate; tool wear,Study-specific; no universal threshold encoded,Taguchi L16 multi-response optimisation.,Diametral error; roughness; crater/flank wear,"Hole quality depended strongly on cutting speed and feed; within the tested Taguchi design, feed was more influential than cutting speed in the grey-relational analysis.",Direct experimental/mechanistic reaming study,Direct reaming evidence,A4,A3; A1,C3,Engineering Inference,"Hole quality depended strongly on cutting speed and feed; within the tested Taguchi design, feed was more influential than cutting speed in the grey-relational analysis.",Publisher abstract/full text where available,Relative factor importance is context-specific.,reaming HT250 grey cast iron feed cutting speed tool wear diametral error roughness feed influential,https://doi.org/10.4028/www.scientific.net/KEM.866.32,Bibliographic identity/DOI/source verified 2026-08-31
E025,P025,X.K. Yang; Y.G. Wang; W.L. Ge; L. Chen; H. Ge,2018,"Cutting Performance of Reaming Alloy Gray Cast Iron HT250 Using Carbide, Cermet and CBN Reamers","Key Engineering Materials 764, 261–270",10.4028/www.scientific.net/KEM.764.261,Reaming,HT250 alloy grey cast iron,"Carbide, cermet and CBN reamers",Tool material; tool wear; cutting performance,Study-specific; no universal threshold encoded,,Hole-quality / machining response reported by source,Reamer material and wear behaviour affect cutting performance and resulting hole quality.,Direct experimental/mechanistic reaming study,Direct reaming evidence,A1,,C1,Engineering Inference,Reamer material and wear behaviour affect cutting performance and resulting hole quality.,Publisher abstract/full text where available,Does not provide a universal tool-life threshold.,reaming HT250 carbide cermet CBN reamer tool wear cutting performance hole quality,https://doi.org/10.4028/www.scientific.net/KEM.764.261,Bibliographic identity/DOI/source verified 2026-08-31
E026,P026,Xiangping Yan; Bin Li; Jianru Li; Lei Yang,2013,Analysis of the machining characteristics in reaming AlSi12 alloy with PCD reamer,The International Journal of Advanced Manufacturing Technology 69(9–12),10.1007/s00170-013-5219-z,Reaming,AlSi12 aluminium alloy,Six-flute PCD reamer,Cutting/spindle speed; feed; cutting forces; chip/debris-related surface damage,Study-specific; no universal threshold encoded,,Hole-quality / machining response reported by source,"Hole quality and surface condition vary with cutting conditions; reported damage mechanisms include chip/debris-related defects, supporting context-dependent speed/feed selection.",Direct experimental/mechanistic reaming study,Direct reaming evidence,A3,A4; A2,C2,Engineering Inference,"Hole quality and surface condition vary with cutting conditions; reported damage mechanisms include chip/debris-related defects, supporting context-dependent speed/feed selection.",Publisher abstract/full text where available,Specific PCD/AlSi12 context; optimum values are not universal.,reaming AlSi12 PCD speed feed torque thrust cylindricity surface finish chip debris hole quality,https://doi.org/10.1007/s00170-013-5219-z,Bibliographic identity/DOI/source verified 2026-08-31
E027,P027,Sheri Kurgin; Jean M. Dasch; Daniel L. Simon; Gary C. Barber; Qian Zou,2014,A comparison of two minimum quantity lubrication delivery systems,"Industrial Lubrication and Tribology 66(1), 151–159",10.1108/ILT-07-2011-0055,Reaming,Aluminium automotive transmission valve body,Through-tool MQL/flood reaming setup,Cooling/lubrication delivery strategy,Study-specific; no universal threshold encoded,Experimental comparison of MQL delivery systems.,Temperature; spindle power; hole quality,"With suitable tooling and parameters, dual-channel MQL performed equivalently or better than flood coolant, whereas single-channel MQL was not suitable for the tested application.",Direct experimental/mechanistic reaming study,Direct reaming evidence,A5,,C4,Directly Reported,"With suitable tooling and parameters, dual-channel MQL performed equivalently or better than flood coolant, whereas single-channel MQL was not suitable for the tested application.",Publisher abstract/full text where available,Application-specific; does not imply one lubrication strategy is universally best.,precision reaming aluminium MQL dual channel single channel flood coolant hole quality lubrication delivery,https://doi.org/10.1108/ILT-07-2011-0055,Bibliographic identity/DOI/source verified 2026-08-31
E028,P028,Zi Ye; Dejin Lv; Yongguo Wang,2021,Design of chip breaker and study on cutting performance in reaming 7050 aluminum alloy,"The International Journal of Advanced Manufacturing Technology 116, 159–173",10.1007/s00170-021-07393-9,Reaming,7050 aluminium alloy,PCD reamers with/without chip breakers,Chip formation/breakability; small reaming allowance,Study-specific; no universal threshold encoded,FEM plus reaming experiments.,Chip breakability; surface quality,Small reaming allowance can produce thin chips that are difficult to break in ductile aluminium; an appropriately designed chip breaker improved chip breakability and surface quality.,Direct experimental/mechanistic reaming study,Direct reaming evidence,A2,A6,C8,Directly Reported,Small reaming allowance can produce thin chips that are difficult to break in ductile aluminium; an appropriately designed chip breaker improved chip breakability and surface quality.,Publisher abstract/full text where available,Chip-breaker geometry and allowance effects are specific to the tested PCD/7050 setup.,reaming 7050 aluminium PCD chip breaker thin chips chip breakability small allowance surface quality evacuation,https://doi.org/10.1007/s00170-021-07393-9,Bibliographic identity/DOI/source verified 2026-08-31
E029,P029,David N. Dilley; Phil V. Bayly; Brian T. Whitehead; Sean G. Calvert,2005,An analytical study of the effect of process damping on reamer vibrations,"Journal of Sound and Vibration 280(3–5), 997–1015",10.1016/j.jsv.2004.01.054,Reaming,Mechanistic reaming context,Reamer dynamic model,Process damping; stability; chatter; low-frequency vibration,Study-specific; no universal threshold encoded,,Hole-quality / machining response reported by source,Process damping changes reamer stability: it can stabilise chatter near a bending mode while destabilising low-frequency vibration.,Direct experimental/mechanistic reaming study,Direct reaming evidence,A8,,C7,Engineering Inference,Process damping changes reamer stability: it can stabilise chatter near a bending mode while destabilising low-frequency vibration.,Publisher abstract/full text where available,Mechanistic/analytical; not a direct production threshold.,reamer vibration chatter process damping stability bending frequency low frequency whirling hole form,https://doi.org/10.1016/j.jsv.2004.01.054,Bibliographic identity/DOI/source verified 2026-08-31
E030,P030,Rattachanai Rattanakit; Sein Soo; David Aspinwall; Peter Harden; Brenden Haffner; Zhu Zhang; Dick Arnold,2015,The effect of cutting speed and tool material on hole quality when reaming C355 aluminium alloy,"Proceedings of the 38th International MATADOR Conference, 224–230",,Reaming,C355 aluminium alloy,"5.08 mm uncoated carbide, CVD-diamond-coated carbide and PCD reamers",Tool material/coating; tool wear; cutting speed,Cutting speeds 32 and 96 m/min; feed 0.12 mm/rev; predrilled 4.8 mm blind holes,Comparative experiment.,Tool wear; force/torque; roughness; roundness; cylindricity,"Wear differed strongly by tool material/coating and surface finish generally improved at the higher tested speed, showing material/tool-specific tool-condition and speed effects.",Direct experimental/mechanistic reaming study,Direct reaming evidence,A1,A3,C1,Engineering Inference,"Wear differed strongly by tool material/coating and surface finish generally improved at the higher tested speed, showing material/tool-specific tool-condition and speed effects.",Publisher abstract/full text where available,"Conference record; later book metadata conflict exists, so DOI is intentionally left blank.",reaming C355 aluminium carbide diamond PCD tool wear cutting speed 32 96 feed 0.12 blind hole roughness,https://research.birmingham.ac.uk/en/publications/the-effect-of-cutting-speed-and-tool-material-on-hole-quality-whe/,Bibliographic identity/DOI/source verified 2026-08-31
E031,P031,Jan Řehoř; Jaroslava Fulemová; Jan Kutlwašer; Miroslav Gombár; Marta Harničárová; Milena Kušnerová; Alena Vagaská; Michal Povolný; Jan Valíček; Tomáš Zatloukal,2023,ANOVA analysis for estimating the accuracy and surface roughness of precisely drilled holes of steel 42CrMo4 QT,"The International Journal of Advanced Manufacturing Technology 126, 675–695",10.1007/s00170-023-11115-8,Reaming,42CrMo4 QT steel,Precision drilling + reaming process chain,Hole pre-preparation; drilling technology; inherited hole geometry,Study-specific; no universal threshold encoded,Controlled process-chain experiment.,Cylindricity; roughness; accuracy,"Pre-preparation/drilling technology can influence the geometry of subsequently reamed holes, but effects vary by response and do not justify a universal pilot-hole rule.",Direct experimental/mechanistic reaming study,Direct reaming evidence,A6,A7,C5,Engineering Inference,"Pre-preparation/drilling technology can influence the geometry of subsequently reamed holes, but effects vary by response and do not justify a universal pilot-hole rule.",Publisher abstract/full text where available,Factors are process technologies rather than a single allowance threshold.,reaming 42CrMo4 pre preparation drilling technology reamed hole cylindricity roughness process chain starting hole,https://doi.org/10.1007/s00170-023-11115-8,Bibliographic identity/DOI/source verified 2026-08-31
E032,P032,Pavel Müller; G. Genta; G. Barbato; Leonardo De Chiffre; R. Levi,2012,Reaming process improvement and control: An application of statistical engineering,"CIRP Journal of Manufacturing Science and Technology 5(3), 196–201",10.1016/j.cirpj.2012.07.005,Reaming,Steel bushing application,Production reaming setup,Speed; feed; lubrication; combined process factors,Study-specific; no universal threshold encoded,,Hole-quality / machining response reported by source,"Structured experimentation on single and combined parameters supported selection of production conditions meeting dimensional, surface-finish and cost targets.",Direct experimental/mechanistic reaming study,Direct reaming evidence,A3,A4; A5,C2,Directly Reported,"Structured experimentation on single and combined parameters supported selection of production conditions meeting dimensional, surface-finish and cost targets.",Publisher abstract/full text where available,Production-specific optimisation; exact levels require the original process context.,reaming process improvement statistical engineering speed feed lubrication diameter surface finish production parameters,https://doi.org/10.1016/j.cirpj.2012.07.005,Bibliographic identity/DOI/source verified 2026-08-31
E033,P033,Jaroslava Fulemova; Jan Rehor,2016,Reaming of Very Precise and Deep Holes With Cermet Reamer,"Proceedings of the 27th DAAAM International Symposium, 275–282",10.2507/27th.daaam.proceedings.041,Reaming,Deep precision-hole steel application,Cermet versus sintered-carbide reamer,Deep-hole chip evacuation; coolant delivery; tool material; vibration/tool damage,Study-specific; no universal threshold encoded,,Hole-quality / machining response reported by source,"Deep-hole reaming couples chip evacuation, coolant delivery and tool/dynamic behaviour; the mechanisms can interact rather than behaving as isolated universal thresholds.",Direct experimental/mechanistic reaming study,Direct reaming evidence,A2,A5; A8; A1,C8,Engineering Inference,"Deep-hole reaming couples chip evacuation, coolant delivery and tool/dynamic behaviour; the mechanisms can interact rather than behaving as isolated universal thresholds.",Publisher abstract/full text where available,Deep-hole/tool-specific context and interacting mechanisms.,deep hole reaming cermet chip evacuation internal coolant vibration tool damage 8D precision hole,https://doi.org/10.2507/27th.daaam.proceedings.041,Bibliographic identity/DOI/source verified 2026-08-31